{
    "models_performance": {
        "RMSE": 107.90758575643005,
        "MAE": 73.40234137372181,
        "R2": 0.7514397366092926,
        "MAPE": 17.982651034837676
    }
}